total_bytes,chunk_size,send_syscalls,total_ns,seconds,mb_per_sec
67108864,1,67108864,27089642679,27.089643,2.36
67108864,4,16777216,6790038586,6.790039,9.43
67108864,16,4194304,1695876917,1.695877,37.74
67108864,64,1048576,422808376,0.422808,151.37
67108864,256,262144,135368667,0.135369,472.78
67108864,1024,65536,38319125,0.038319,1670.18
67108864,4096,16384,10410583,0.010411,6147.59
67108864,16384,4096,8568333,0.008568,7469.36
67108864,65536,1024,12721834,0.012722,5030.72
